{"stats":{"minecraft:custom":{"minecraft:jump":6,"minecraft:time_since_rest":1996,"minecraft:sprint_one_cm":1492,"minecraft:leave_game":2,"minecraft:play_time":1996,"minecraft:time_since_death":1996,"minecraft:walk_one_cm":3457,"minecraft:total_world_time":1996,"minecraft:fly_one_cm":490},"minecraft:mined":{"minecraft:acacia_log":1,"minecraft:grass_block":2},"minecraft:used":{"minecraft:dirt":2,"minecraft:acacia_log":1},"minecraft:picked_up":{"minecraft:acacia_log":1,"minecraft:dirt":2}},"DataVersion":3465}