{"stats":{"minecraft:used":{"horror_element_mod:human_remains":1,"farmersdelight:stove":1,"minecraft:dirt":2,"minecraft:zombie_spawn_egg":1,"minecraft:acacia_log":1,"horror_element_mod:hanging_villager":1},"minecraft:custom":{"minecraft:jump":8,"minecraft:time_since_rest":6932,"minecraft:leave_game":3,"minecraft:play_time":6932,"minecraft:sprint_one_cm":1492,"minecraft:time_since_death":6932,"minecraft:walk_one_cm":4101,"minecraft:total_world_time":6932,"minecraft:fly_one_cm":490},"minecraft:mined":{"minecraft:acacia_log":1,"minecraft:grass_block":2},"minecraft:picked_up":{"minecraft:acacia_log":1,"minecraft:dirt":2}},"DataVersion":3465}